/*
Tachyon Database
Created by Gene Locklear
Nov 20, 2018
EXAM-2 JavaDB Fall 2018
*/

DROP DATABASE IF EXISTS Tachyon;
CREATE DATABASE Tachyon;
USE Tachyon;
SELECT 'Database Created and Selected' AS MSG;

CREATE TABLE particles(
IDNumber VARCHAR(10) NOT NULL,
PCode CHAR(4) NOT NULL,
CONSTRAINT pk_pc PRIMARY KEY(IDNumber)
);

SELECT 'particles TABLE CREATED' AS MSG;
DESCRIBE particles;

CREATE TABLE particle_location(
IDNumber VARCHAR(10) NOT NULL,
XCoord INT NOT NULL,
YCoord INT NOT NULL,
ZCoord INT NOT NULL,
CONSTRAINT pk_pl PRIMARY KEY(IDNumber),
CONSTRAINT fk_pl FOREIGN KEY(IDNumber) REFERENCES particles(IDNumber)
);

SELECT 'particle_location TABLE CREATED' AS MSG;
DESCRIBE particle_location;

CREATE TABLE sensors(
SID VARCHAR(10) NOT NULL,
SType VARCHAR(10) NOT NULL,
Status ENUM('Online','Offline') NOT NULL DEFAULT 'Online',
CONSTRAINT pk_s PRIMARY KEY(SID)
);

SELECT 'sensors TABLE CREATED' AS MSG;
DESCRIBE sensors;

CREATE TABLE sensor_location(
SID VARCHAR(10) NOT NULL,
XCoord INT NOT NULL,
YCoord INT NOT NULL,
ZCoord INT NOT NULL,
CONSTRAINT pk_sl PRIMARY KEY(SID),
CONSTRAINT fk_sl FOREIGN KEY(SID) REFERENCES sensors(SID)
);

SELECT 'sensor_location TABLE CREATED' AS MSG;
DESCRIBE sensor_location;

CREATE TABLE fusionNodes(
FNode VARCHAR(10) NOT NULL,
XCoord INT NOT NULL,
YCoord INT NOT NULL,
ZCoord INT NOT NULL,
CONSTRAINT pk_fn PRIMARY KEY(FNode)
);

SELECT 'fusionNodes TABLE CREATED' AS MSG;
DESCRIBE fusionNodes;

CREATE TABLE analysisNodes(
ANode VARCHAR(10) NOT NULL,
XCoord INT NOT NULL,
YCoord INT NOT NULL,
ZCoord INT NOT NULL,
CONSTRAINT pk_an PRIMARY KEY(ANode)
);

SELECT 'analysisNodes TABLE CREATED' AS MSG;
DESCRIBE analysisNodes;

SELECT 'ALL TABLES CREATED...POPULATIONS BEGINS' AS MSG;
SELECT 'WAIT..........' AS MSG;
SELECT SLEEP(5);

SELECT 'Particle Population Begins' AS MSG;

INSERT INTO particles VALUES('TPA-0','AXAA');
INSERT INTO particles VALUES('TPB-0','BBBX');
INSERT INTO particles VALUES('TPC-0','CCXC');
INSERT INTO particles VALUES('TPA-1','AAAA');
INSERT INTO particles VALUES('TPB-1','BBBX');
INSERT INTO particles VALUES('TPC-1','CXCC');
INSERT INTO particles VALUES('TPA-2','AAAX');
INSERT INTO particles VALUES('TPB-2','BBBX');
INSERT INTO particles VALUES('TPC-2','CCCX');
INSERT INTO particles VALUES('TPA-3','AAAA');
INSERT INTO particles VALUES('TPB-3','BXBB');
INSERT INTO particles VALUES('TPC-3','CCCX');
INSERT INTO particles VALUES('TPA-4','AAAA');
INSERT INTO particles VALUES('TPB-4','BBBX');
INSERT INTO particles VALUES('TPC-4','CCCC');
INSERT INTO particles VALUES('TPA-5','AAAX');
INSERT INTO particles VALUES('TPB-5','BBBB');
INSERT INTO particles VALUES('TPC-5','CCCX');
INSERT INTO particles VALUES('TPA-6','AAXA');
INSERT INTO particles VALUES('TPB-6','BXBB');
INSERT INTO particles VALUES('TPC-6','CCCX');
INSERT INTO particles VALUES('TPA-7','AAAX');
INSERT INTO particles VALUES('TPB-7','BBXB');
INSERT INTO particles VALUES('TPC-7','CXCC');
INSERT INTO particles VALUES('TPA-8','AAAA');
INSERT INTO particles VALUES('TPB-8','BXBB');
INSERT INTO particles VALUES('TPC-8','CCCC');
INSERT INTO particles VALUES('TPA-9','AAAA');
INSERT INTO particles VALUES('TPB-9','BBXB');
INSERT INTO particles VALUES('TPC-9','CCXC');
INSERT INTO particles VALUES('TPA-10','AAAA');
INSERT INTO particles VALUES('TPB-10','BBXB');
INSERT INTO particles VALUES('TPC-10','CCCC');
INSERT INTO particles VALUES('TPA-11','AAXA');
INSERT INTO particles VALUES('TPB-11','BBBX');
INSERT INTO particles VALUES('TPC-11','CCCC');
INSERT INTO particles VALUES('TPA-12','AXAA');
INSERT INTO particles VALUES('TPB-12','BBBB');
INSERT INTO particles VALUES('TPC-12','CXCC');
INSERT INTO particles VALUES('TPA-13','AAAA');
INSERT INTO particles VALUES('TPB-13','BXBB');
INSERT INTO particles VALUES('TPC-13','CCXC');
INSERT INTO particles VALUES('TPA-14','AAAA');
INSERT INTO particles VALUES('TPB-14','BBBB');
INSERT INTO particles VALUES('TPC-14','CCXC');
INSERT INTO particles VALUES('TPA-15','AXAA');
INSERT INTO particles VALUES('TPB-15','BBBX');
INSERT INTO particles VALUES('TPC-15','CCXC');
INSERT INTO particles VALUES('TPA-16','AAAX');
INSERT INTO particles VALUES('TPB-16','BBBX');
INSERT INTO particles VALUES('TPC-16','CCXC');
INSERT INTO particles VALUES('TPA-17','AAXA');
INSERT INTO particles VALUES('TPB-17','BBXB');
INSERT INTO particles VALUES('TPC-17','CCCC');
INSERT INTO particles VALUES('TPA-18','AAAA');
INSERT INTO particles VALUES('TPB-18','BBBB');
INSERT INTO particles VALUES('TPC-18','CCXC');
INSERT INTO particles VALUES('TPA-19','AAXA');
INSERT INTO particles VALUES('TPB-19','BXBB');
INSERT INTO particles VALUES('TPC-19','CXCC');
INSERT INTO particles VALUES('TPA-20','AAAX');
INSERT INTO particles VALUES('TPB-20','BBXB');
INSERT INTO particles VALUES('TPC-20','CCCX');
INSERT INTO particles VALUES('TPA-21','AAAX');
INSERT INTO particles VALUES('TPB-21','BBBB');
INSERT INTO particles VALUES('TPC-21','CCCX');
INSERT INTO particles VALUES('TPA-22','AXAA');
INSERT INTO particles VALUES('TPB-22','BBBB');
INSERT INTO particles VALUES('TPC-22','CXCC');
INSERT INTO particles VALUES('TPA-23','AXAA');
INSERT INTO particles VALUES('TPB-23','BBBX');
INSERT INTO particles VALUES('TPC-23','CCXC');
INSERT INTO particles VALUES('TPA-24','AXAA');
INSERT INTO particles VALUES('TPB-24','BXBB');
INSERT INTO particles VALUES('TPC-24','CCCC');
INSERT INTO particles VALUES('TPA-25','AAAX');
INSERT INTO particles VALUES('TPB-25','BBBX');
INSERT INTO particles VALUES('TPC-25','CCCX');
INSERT INTO particles VALUES('TPA-26','AXAA');
INSERT INTO particles VALUES('TPB-26','BXBB');
INSERT INTO particles VALUES('TPC-26','CCXC');
INSERT INTO particles VALUES('TPA-27','AAAX');
INSERT INTO particles VALUES('TPB-27','BBBB');
INSERT INTO particles VALUES('TPC-27','CXCC');
INSERT INTO particles VALUES('TPA-28','AAAX');
INSERT INTO particles VALUES('TPB-28','BBBX');
INSERT INTO particles VALUES('TPC-28','CCCX');
INSERT INTO particles VALUES('TPA-29','AAXA');
INSERT INTO particles VALUES('TPB-29','BBBX');
INSERT INTO particles VALUES('TPC-29','CXCC');
INSERT INTO particles VALUES('TPA-30','AAAA');
INSERT INTO particles VALUES('TPB-30','BBXB');
INSERT INTO particles VALUES('TPC-30','CCCX');
INSERT INTO particles VALUES('TPA-31','AAAX');
INSERT INTO particles VALUES('TPB-31','BBBX');
INSERT INTO particles VALUES('TPC-31','CCCC');
INSERT INTO particles VALUES('TPA-32','AXAA');
INSERT INTO particles VALUES('TPB-32','BXBB');
INSERT INTO particles VALUES('TPC-32','CXCC');
INSERT INTO particles VALUES('TPA-33','AXAA');
INSERT INTO particles VALUES('TPB-33','BBBX');
INSERT INTO particles VALUES('TPC-33','CCCC');
INSERT INTO particles VALUES('TPA-34','AAXA');
INSERT INTO particles VALUES('TPB-34','BBBX');
INSERT INTO particles VALUES('TPC-34','CCCC');
INSERT INTO particles VALUES('TPA-35','AAXA');
INSERT INTO particles VALUES('TPB-35','BBXB');
INSERT INTO particles VALUES('TPC-35','CXCC');
INSERT INTO particles VALUES('TPA-36','AAAA');
INSERT INTO particles VALUES('TPB-36','BXBB');
INSERT INTO particles VALUES('TPC-36','CXCC');
INSERT INTO particles VALUES('TPA-37','AAAA');
INSERT INTO particles VALUES('TPB-37','BBBB');
INSERT INTO particles VALUES('TPC-37','CCCX');
INSERT INTO particles VALUES('TPA-38','AAAX');
INSERT INTO particles VALUES('TPB-38','BBBX');
INSERT INTO particles VALUES('TPC-38','CCXC');
INSERT INTO particles VALUES('TPA-39','AAAX');
INSERT INTO particles VALUES('TPB-39','BBBX');
INSERT INTO particles VALUES('TPC-39','CCXC');
INSERT INTO particles VALUES('TPA-40','AXAA');
INSERT INTO particles VALUES('TPB-40','BBXB');
INSERT INTO particles VALUES('TPC-40','CXCC');
INSERT INTO particles VALUES('TPA-41','AAAX');
INSERT INTO particles VALUES('TPB-41','BXBB');
INSERT INTO particles VALUES('TPC-41','CCCX');
INSERT INTO particles VALUES('TPA-42','AAXA');
INSERT INTO particles VALUES('TPB-42','BBBB');
INSERT INTO particles VALUES('TPC-42','CCCX');
INSERT INTO particles VALUES('TPA-43','AAAX');
INSERT INTO particles VALUES('TPB-43','BBBX');
INSERT INTO particles VALUES('TPC-43','CCCX');
INSERT INTO particles VALUES('TPA-44','AAAX');
INSERT INTO particles VALUES('TPB-44','BBBB');
INSERT INTO particles VALUES('TPC-44','CCXC');
INSERT INTO particles VALUES('TPA-45','AAAX');
INSERT INTO particles VALUES('TPB-45','BBBB');
INSERT INTO particles VALUES('TPC-45','CCCC');
INSERT INTO particles VALUES('TPA-46','AXAA');
INSERT INTO particles VALUES('TPB-46','BBBX');
INSERT INTO particles VALUES('TPC-46','CCCX');
INSERT INTO particles VALUES('TPA-47','AAAA');
INSERT INTO particles VALUES('TPB-47','BBXB');
INSERT INTO particles VALUES('TPC-47','CCCC');
INSERT INTO particles VALUES('TPA-48','AXAA');
INSERT INTO particles VALUES('TPB-48','BBBB');
INSERT INTO particles VALUES('TPC-48','CCXC');
INSERT INTO particles VALUES('TPA-49','AAAX');
INSERT INTO particles VALUES('TPB-49','BBBB');
INSERT INTO particles VALUES('TPC-49','CCXC');
INSERT INTO particles VALUES('TPA-50','AXAA');
INSERT INTO particles VALUES('TPB-50','BBBX');
INSERT INTO particles VALUES('TPC-50','CCCX');
INSERT INTO particles VALUES('TPA-51','AAXA');
INSERT INTO particles VALUES('TPB-51','BXBB');
INSERT INTO particles VALUES('TPC-51','CCCC');
INSERT INTO particles VALUES('TPA-52','AAAX');
INSERT INTO particles VALUES('TPB-52','BBXB');
INSERT INTO particles VALUES('TPC-52','CCCC');
INSERT INTO particles VALUES('TPA-53','AAAA');
INSERT INTO particles VALUES('TPB-53','BBXB');
INSERT INTO particles VALUES('TPC-53','CCCX');
INSERT INTO particles VALUES('TPA-54','AAAA');
INSERT INTO particles VALUES('TPB-54','BBBB');
INSERT INTO particles VALUES('TPC-54','CCXC');
INSERT INTO particles VALUES('TPA-55','AXAA');
INSERT INTO particles VALUES('TPB-55','BBBB');
INSERT INTO particles VALUES('TPC-55','CCCX');
INSERT INTO particles VALUES('TPA-56','AAAA');
INSERT INTO particles VALUES('TPB-56','BBXB');
INSERT INTO particles VALUES('TPC-56','CCCX');
INSERT INTO particles VALUES('TPA-57','AAAX');
INSERT INTO particles VALUES('TPB-57','BBBX');
INSERT INTO particles VALUES('TPC-57','CCCC');
INSERT INTO particles VALUES('TPA-58','AAAA');
INSERT INTO particles VALUES('TPB-58','BBBB');
INSERT INTO particles VALUES('TPC-58','CCCX');
INSERT INTO particles VALUES('TPA-59','AAAA');
INSERT INTO particles VALUES('TPB-59','BBBB');
INSERT INTO particles VALUES('TPC-59','CXCC');
INSERT INTO particles VALUES('TPA-60','AAXA');
INSERT INTO particles VALUES('TPB-60','BXBB');
INSERT INTO particles VALUES('TPC-60','CCCC');
INSERT INTO particles VALUES('TPA-61','AXAA');
INSERT INTO particles VALUES('TPB-61','BBBB');
INSERT INTO particles VALUES('TPC-61','CCCX');
INSERT INTO particles VALUES('TPA-62','AAAA');
INSERT INTO particles VALUES('TPB-62','BBBB');
INSERT INTO particles VALUES('TPC-62','CCCC');
INSERT INTO particles VALUES('TPA-63','AAAX');
INSERT INTO particles VALUES('TPB-63','BXBB');
INSERT INTO particles VALUES('TPC-63','CCCX');
INSERT INTO particles VALUES('TPA-64','AAXA');
INSERT INTO particles VALUES('TPB-64','BBBX');
INSERT INTO particles VALUES('TPC-64','CCXC');
INSERT INTO particles VALUES('TPA-65','AXAA');
INSERT INTO particles VALUES('TPB-65','BBBB');
INSERT INTO particles VALUES('TPC-65','CCCC');
INSERT INTO particles VALUES('TPA-66','AAAX');
INSERT INTO particles VALUES('TPB-66','BBBX');
INSERT INTO particles VALUES('TPC-66','CCCX');
INSERT INTO particles VALUES('TPA-67','AXAA');
INSERT INTO particles VALUES('TPB-67','BBXB');
INSERT INTO particles VALUES('TPC-67','CCCX');
INSERT INTO particles VALUES('TPA-68','AAXA');
INSERT INTO particles VALUES('TPB-68','BBBB');
INSERT INTO particles VALUES('TPC-68','CCCX');
INSERT INTO particles VALUES('TPA-69','AXAA');
INSERT INTO particles VALUES('TPB-69','BBXB');
INSERT INTO particles VALUES('TPC-69','CXCC');
INSERT INTO particles VALUES('TPA-70','AAAX');
INSERT INTO particles VALUES('TPB-70','BBBB');
INSERT INTO particles VALUES('TPC-70','CCXC');
INSERT INTO particles VALUES('TPA-71','AAXA');
INSERT INTO particles VALUES('TPB-71','BBBX');
INSERT INTO particles VALUES('TPC-71','CCCX');
INSERT INTO particles VALUES('TPA-72','AAXA');
INSERT INTO particles VALUES('TPB-72','BBXB');
INSERT INTO particles VALUES('TPC-72','CCCX');
INSERT INTO particles VALUES('TPA-73','AAXA');
INSERT INTO particles VALUES('TPB-73','BXBB');
INSERT INTO particles VALUES('TPC-73','CCCX');
INSERT INTO particles VALUES('TPA-74','AAXA');
INSERT INTO particles VALUES('TPB-74','BBBX');
INSERT INTO particles VALUES('TPC-74','CCXC');
INSERT INTO particles VALUES('TPA-75','AAAX');
INSERT INTO particles VALUES('TPB-75','BBBX');
INSERT INTO particles VALUES('TPC-75','CCCC');
INSERT INTO particles VALUES('TPA-76','AAAX');
INSERT INTO particles VALUES('TPB-76','BBXB');
INSERT INTO particles VALUES('TPC-76','CCXC');
INSERT INTO particles VALUES('TPA-77','AXAA');
INSERT INTO particles VALUES('TPB-77','BBBB');
INSERT INTO particles VALUES('TPC-77','CCCX');
INSERT INTO particles VALUES('TPA-78','AAXA');
INSERT INTO particles VALUES('TPB-78','BBBX');
INSERT INTO particles VALUES('TPC-78','CCXC');
INSERT INTO particles VALUES('TPA-79','AAAX');
INSERT INTO particles VALUES('TPB-79','BBBX');
INSERT INTO particles VALUES('TPC-79','CCCX');
INSERT INTO particles VALUES('TPA-80','AAAX');
INSERT INTO particles VALUES('TPB-80','BXBB');
INSERT INTO particles VALUES('TPC-80','CCXC');
INSERT INTO particles VALUES('TPA-81','AAAX');
INSERT INTO particles VALUES('TPB-81','BBBX');
INSERT INTO particles VALUES('TPC-81','CXCC');
INSERT INTO particles VALUES('TPA-82','AAAX');
INSERT INTO particles VALUES('TPB-82','BXBB');
INSERT INTO particles VALUES('TPC-82','CCCX');
INSERT INTO particles VALUES('TPA-83','AAAA');
INSERT INTO particles VALUES('TPB-83','BBXB');
INSERT INTO particles VALUES('TPC-83','CXCC');
INSERT INTO particles VALUES('TPA-84','AAXA');
INSERT INTO particles VALUES('TPB-84','BXBB');
INSERT INTO particles VALUES('TPC-84','CXCC');
INSERT INTO particles VALUES('TPA-85','AAAX');
INSERT INTO particles VALUES('TPB-85','BBBX');
INSERT INTO particles VALUES('TPC-85','CCCC');
INSERT INTO particles VALUES('TPA-86','AAAA');
INSERT INTO particles VALUES('TPB-86','BBBX');
INSERT INTO particles VALUES('TPC-86','CCCC');
INSERT INTO particles VALUES('TPA-87','AAXA');
INSERT INTO particles VALUES('TPB-87','BXBB');
INSERT INTO particles VALUES('TPC-87','CXCC');
INSERT INTO particles VALUES('TPA-88','AXAA');
INSERT INTO particles VALUES('TPB-88','BBXB');
INSERT INTO particles VALUES('TPC-88','CCXC');
INSERT INTO particles VALUES('TPA-89','AAXA');
INSERT INTO particles VALUES('TPB-89','BBXB');
INSERT INTO particles VALUES('TPC-89','CXCC');
INSERT INTO particles VALUES('TPA-90','AAXA');
INSERT INTO particles VALUES('TPB-90','BXBB');
INSERT INTO particles VALUES('TPC-90','CXCC');
INSERT INTO particles VALUES('TPA-91','AXAA');
INSERT INTO particles VALUES('TPB-91','BBBX');
INSERT INTO particles VALUES('TPC-91','CXCC');
INSERT INTO particles VALUES('TPA-92','AXAA');
INSERT INTO particles VALUES('TPB-92','BBBX');
INSERT INTO particles VALUES('TPC-92','CCCX');
INSERT INTO particles VALUES('TPA-93','AAAA');
INSERT INTO particles VALUES('TPB-93','BXBB');
INSERT INTO particles VALUES('TPC-93','CCXC');
INSERT INTO particles VALUES('TPA-94','AXAA');
INSERT INTO particles VALUES('TPB-94','BBBX');
INSERT INTO particles VALUES('TPC-94','CCCX');
INSERT INTO particles VALUES('TPA-95','AXAA');
INSERT INTO particles VALUES('TPB-95','BBBB');
INSERT INTO particles VALUES('TPC-95','CCCX');
INSERT INTO particles VALUES('TPA-96','AAXA');
INSERT INTO particles VALUES('TPB-96','BXBB');
INSERT INTO particles VALUES('TPC-96','CXCC');
INSERT INTO particles VALUES('TPA-97','AAXA');
INSERT INTO particles VALUES('TPB-97','BXBB');
INSERT INTO particles VALUES('TPC-97','CCCX');
INSERT INTO particles VALUES('TPA-98','AAAX');
INSERT INTO particles VALUES('TPB-98','BXBB');
INSERT INTO particles VALUES('TPC-98','CXCC');
INSERT INTO particles VALUES('TPA-99','AXAA');
INSERT INTO particles VALUES('TPB-99','BBBX');
INSERT INTO particles VALUES('TPC-99','CXCC');

SELECT 'Particle Location Population Begins' AS MSG;

INSERT INTO particle_location VALUES('TPA-0',174,15,22);
INSERT INTO particle_location VALUES('TPB-0',201,409,5);
INSERT INTO particle_location VALUES('TPC-0',441,465,7);
INSERT INTO particle_location VALUES('TPA-1',148,179,4);
INSERT INTO particle_location VALUES('TPB-1',463,430,16);
INSERT INTO particle_location VALUES('TPC-1',213,147,15);
INSERT INTO particle_location VALUES('TPA-2',285,80,7);
INSERT INTO particle_location VALUES('TPB-2',103,386,7);
INSERT INTO particle_location VALUES('TPC-2',286,170,19);
INSERT INTO particle_location VALUES('TPA-3',146,464,22);
INSERT INTO particle_location VALUES('TPB-3',123,447,14);
INSERT INTO particle_location VALUES('TPC-3',298,486,18);
INSERT INTO particle_location VALUES('TPA-4',46,204,24);
INSERT INTO particle_location VALUES('TPB-4',11,474,5);
INSERT INTO particle_location VALUES('TPC-4',118,431,7);
INSERT INTO particle_location VALUES('TPA-5',132,277,12);
INSERT INTO particle_location VALUES('TPB-5',480,187,8);
INSERT INTO particle_location VALUES('TPC-5',191,175,13);
INSERT INTO particle_location VALUES('TPA-6',40,74,16);
INSERT INTO particle_location VALUES('TPB-6',246,66,8);
INSERT INTO particle_location VALUES('TPC-6',455,373,14);
INSERT INTO particle_location VALUES('TPA-7',156,477,2);
INSERT INTO particle_location VALUES('TPB-7',223,116,14);
INSERT INTO particle_location VALUES('TPC-7',328,142,22);
INSERT INTO particle_location VALUES('TPA-8',238,238,23);
INSERT INTO particle_location VALUES('TPB-8',386,15,16);
INSERT INTO particle_location VALUES('TPC-8',27,207,14);
INSERT INTO particle_location VALUES('TPA-9',39,53,23);
INSERT INTO particle_location VALUES('TPB-9',133,416,15);
INSERT INTO particle_location VALUES('TPC-9',123,132,11);
INSERT INTO particle_location VALUES('TPA-10',217,180,13);
INSERT INTO particle_location VALUES('TPB-10',432,10,8);
INSERT INTO particle_location VALUES('TPC-10',131,457,10);
INSERT INTO particle_location VALUES('TPA-11',191,485,15);
INSERT INTO particle_location VALUES('TPB-11',277,360,8);
INSERT INTO particle_location VALUES('TPC-11',135,409,3);
INSERT INTO particle_location VALUES('TPA-12',282,75,13);
INSERT INTO particle_location VALUES('TPB-12',456,25,10);
INSERT INTO particle_location VALUES('TPC-12',49,498,11);
INSERT INTO particle_location VALUES('TPA-13',14,54,16);
INSERT INTO particle_location VALUES('TPB-13',473,493,13);
INSERT INTO particle_location VALUES('TPC-13',360,10,16);
INSERT INTO particle_location VALUES('TPA-14',84,15,8);
INSERT INTO particle_location VALUES('TPB-14',33,97,6);
INSERT INTO particle_location VALUES('TPC-14',440,195,16);
INSERT INTO particle_location VALUES('TPA-15',175,41,15);
INSERT INTO particle_location VALUES('TPB-15',438,461,8);
INSERT INTO particle_location VALUES('TPC-15',54,239,10);
INSERT INTO particle_location VALUES('TPA-16',80,281,13);
INSERT INTO particle_location VALUES('TPB-16',88,366,17);
INSERT INTO particle_location VALUES('TPC-16',340,406,14);
INSERT INTO particle_location VALUES('TPA-17',283,413,22);
INSERT INTO particle_location VALUES('TPB-17',3,432,20);
INSERT INTO particle_location VALUES('TPC-17',364,380,21);
INSERT INTO particle_location VALUES('TPA-18',163,81,18);
INSERT INTO particle_location VALUES('TPB-18',407,474,18);
INSERT INTO particle_location VALUES('TPC-18',214,489,15);
INSERT INTO particle_location VALUES('TPA-19',181,359,3);
INSERT INTO particle_location VALUES('TPB-19',297,328,8);
INSERT INTO particle_location VALUES('TPC-19',335,275,12);
INSERT INTO particle_location VALUES('TPA-20',5,104,6);
INSERT INTO particle_location VALUES('TPB-20',93,351,11);
INSERT INTO particle_location VALUES('TPC-20',202,191,6);
INSERT INTO particle_location VALUES('TPA-21',68,10,20);
INSERT INTO particle_location VALUES('TPB-21',413,298,4);
INSERT INTO particle_location VALUES('TPC-21',408,241,10);
INSERT INTO particle_location VALUES('TPA-22',442,383,12);
INSERT INTO particle_location VALUES('TPB-22',355,497,5);
INSERT INTO particle_location VALUES('TPC-22',173,420,20);
INSERT INTO particle_location VALUES('TPA-23',387,362,14);
INSERT INTO particle_location VALUES('TPB-23',447,97,21);
INSERT INTO particle_location VALUES('TPC-23',440,56,15);
INSERT INTO particle_location VALUES('TPA-24',181,16,11);
INSERT INTO particle_location VALUES('TPB-24',346,30,8);
INSERT INTO particle_location VALUES('TPC-24',434,6,9);
INSERT INTO particle_location VALUES('TPA-25',424,103,17);
INSERT INTO particle_location VALUES('TPB-25',74,214,0);
INSERT INTO particle_location VALUES('TPC-25',132,84,2);
INSERT INTO particle_location VALUES('TPA-26',118,309,19);
INSERT INTO particle_location VALUES('TPB-26',154,182,23);
INSERT INTO particle_location VALUES('TPC-26',195,425,21);
INSERT INTO particle_location VALUES('TPA-27',97,433,1);
INSERT INTO particle_location VALUES('TPB-27',434,378,24);
INSERT INTO particle_location VALUES('TPC-27',457,357,11);
INSERT INTO particle_location VALUES('TPA-28',249,9,9);
INSERT INTO particle_location VALUES('TPB-28',395,132,6);
INSERT INTO particle_location VALUES('TPC-28',389,390,20);
INSERT INTO particle_location VALUES('TPA-29',348,274,0);
INSERT INTO particle_location VALUES('TPB-29',285,18,11);
INSERT INTO particle_location VALUES('TPC-29',412,103,24);
INSERT INTO particle_location VALUES('TPA-30',21,81,1);
INSERT INTO particle_location VALUES('TPB-30',372,86,3);
INSERT INTO particle_location VALUES('TPC-30',255,326,8);
INSERT INTO particle_location VALUES('TPA-31',267,274,23);
INSERT INTO particle_location VALUES('TPB-31',235,159,7);
INSERT INTO particle_location VALUES('TPC-31',440,98,17);
INSERT INTO particle_location VALUES('TPA-32',128,377,22);
INSERT INTO particle_location VALUES('TPB-32',72,138,7);
INSERT INTO particle_location VALUES('TPC-32',258,401,21);
INSERT INTO particle_location VALUES('TPA-33',265,302,14);
INSERT INTO particle_location VALUES('TPB-33',463,241,8);
INSERT INTO particle_location VALUES('TPC-33',329,343,13);
INSERT INTO particle_location VALUES('TPA-34',483,355,3);
INSERT INTO particle_location VALUES('TPB-34',29,257,18);
INSERT INTO particle_location VALUES('TPC-34',75,129,23);
INSERT INTO particle_location VALUES('TPA-35',35,16,17);
INSERT INTO particle_location VALUES('TPB-35',293,205,1);
INSERT INTO particle_location VALUES('TPC-35',90,461,15);
INSERT INTO particle_location VALUES('TPA-36',211,23,7);
INSERT INTO particle_location VALUES('TPB-36',357,480,11);
INSERT INTO particle_location VALUES('TPC-36',91,442,15);
INSERT INTO particle_location VALUES('TPA-37',291,493,17);
INSERT INTO particle_location VALUES('TPB-37',182,125,9);
INSERT INTO particle_location VALUES('TPC-37',372,393,1);
INSERT INTO particle_location VALUES('TPA-38',173,68,23);
INSERT INTO particle_location VALUES('TPB-38',458,489,4);
INSERT INTO particle_location VALUES('TPC-38',491,378,11);
INSERT INTO particle_location VALUES('TPA-39',155,349,11);
INSERT INTO particle_location VALUES('TPB-39',113,4,8);
INSERT INTO particle_location VALUES('TPC-39',321,355,9);
INSERT INTO particle_location VALUES('TPA-40',406,259,15);
INSERT INTO particle_location VALUES('TPB-40',36,435,21);
INSERT INTO particle_location VALUES('TPC-40',49,204,18);
INSERT INTO particle_location VALUES('TPA-41',339,194,11);
INSERT INTO particle_location VALUES('TPB-41',1,59,17);
INSERT INTO particle_location VALUES('TPC-41',109,283,24);
INSERT INTO particle_location VALUES('TPA-42',226,96,3);
INSERT INTO particle_location VALUES('TPB-42',48,117,24);
INSERT INTO particle_location VALUES('TPC-42',348,159,20);
INSERT INTO particle_location VALUES('TPA-43',490,409,18);
INSERT INTO particle_location VALUES('TPB-43',384,24,17);
INSERT INTO particle_location VALUES('TPC-43',474,166,1);
INSERT INTO particle_location VALUES('TPA-44',66,226,14);
INSERT INTO particle_location VALUES('TPB-44',413,283,15);
INSERT INTO particle_location VALUES('TPC-44',81,391,20);
INSERT INTO particle_location VALUES('TPA-45',122,304,15);
INSERT INTO particle_location VALUES('TPB-45',29,236,20);
INSERT INTO particle_location VALUES('TPC-45',344,215,11);
INSERT INTO particle_location VALUES('TPA-46',8,442,11);
INSERT INTO particle_location VALUES('TPB-46',77,53,13);
INSERT INTO particle_location VALUES('TPC-46',236,159,1);
INSERT INTO particle_location VALUES('TPA-47',0,386,23);
INSERT INTO particle_location VALUES('TPB-47',118,320,22);
INSERT INTO particle_location VALUES('TPC-47',170,26,23);
INSERT INTO particle_location VALUES('TPA-48',249,247,5);
INSERT INTO particle_location VALUES('TPB-48',44,230,22);
INSERT INTO particle_location VALUES('TPC-48',346,491,22);
INSERT INTO particle_location VALUES('TPA-49',367,239,10);
INSERT INTO particle_location VALUES('TPB-49',303,253,8);
INSERT INTO particle_location VALUES('TPC-49',114,455,0);
INSERT INTO particle_location VALUES('TPA-50',169,335,13);
INSERT INTO particle_location VALUES('TPB-50',78,67,20);
INSERT INTO particle_location VALUES('TPC-50',288,213,5);
INSERT INTO particle_location VALUES('TPA-51',336,165,14);
INSERT INTO particle_location VALUES('TPB-51',431,138,3);
INSERT INTO particle_location VALUES('TPC-51',443,128,19);
INSERT INTO particle_location VALUES('TPA-52',196,297,19);
INSERT INTO particle_location VALUES('TPB-52',440,407,21);
INSERT INTO particle_location VALUES('TPC-52',45,280,12);
INSERT INTO particle_location VALUES('TPA-53',149,176,8);
INSERT INTO particle_location VALUES('TPB-53',272,334,7);
INSERT INTO particle_location VALUES('TPC-53',295,112,12);
INSERT INTO particle_location VALUES('TPA-54',258,72,0);
INSERT INTO particle_location VALUES('TPB-54',218,216,20);
INSERT INTO particle_location VALUES('TPC-54',139,37,6);
INSERT INTO particle_location VALUES('TPA-55',190,134,6);
INSERT INTO particle_location VALUES('TPB-55',125,35,10);
INSERT INTO particle_location VALUES('TPC-55',450,421,13);
INSERT INTO particle_location VALUES('TPA-56',86,55,6);
INSERT INTO particle_location VALUES('TPB-56',258,59,21);
INSERT INTO particle_location VALUES('TPC-56',38,331,2);
INSERT INTO particle_location VALUES('TPA-57',304,43,19);
INSERT INTO particle_location VALUES('TPB-57',136,121,0);
INSERT INTO particle_location VALUES('TPC-57',46,315,21);
INSERT INTO particle_location VALUES('TPA-58',345,112,15);
INSERT INTO particle_location VALUES('TPB-58',251,38,19);
INSERT INTO particle_location VALUES('TPC-58',371,100,1);
INSERT INTO particle_location VALUES('TPA-59',478,183,8);
INSERT INTO particle_location VALUES('TPB-59',17,79,21);
INSERT INTO particle_location VALUES('TPC-59',330,113,17);
INSERT INTO particle_location VALUES('TPA-60',174,295,7);
INSERT INTO particle_location VALUES('TPB-60',97,146,14);
INSERT INTO particle_location VALUES('TPC-60',89,450,10);
INSERT INTO particle_location VALUES('TPA-61',205,301,16);
INSERT INTO particle_location VALUES('TPB-61',298,169,7);
INSERT INTO particle_location VALUES('TPC-61',332,250,15);
INSERT INTO particle_location VALUES('TPA-62',35,92,6);
INSERT INTO particle_location VALUES('TPB-62',403,343,20);
INSERT INTO particle_location VALUES('TPC-62',81,246,14);
INSERT INTO particle_location VALUES('TPA-63',276,348,23);
INSERT INTO particle_location VALUES('TPB-63',304,493,15);
INSERT INTO particle_location VALUES('TPC-63',199,268,7);
INSERT INTO particle_location VALUES('TPA-64',258,202,11);
INSERT INTO particle_location VALUES('TPB-64',317,348,17);
INSERT INTO particle_location VALUES('TPC-64',66,299,2);
INSERT INTO particle_location VALUES('TPA-65',443,98,4);
INSERT INTO particle_location VALUES('TPB-65',240,105,24);
INSERT INTO particle_location VALUES('TPC-65',322,384,12);
INSERT INTO particle_location VALUES('TPA-66',213,250,6);
INSERT INTO particle_location VALUES('TPB-66',240,186,12);
INSERT INTO particle_location VALUES('TPC-66',414,386,5);
INSERT INTO particle_location VALUES('TPA-67',165,159,16);
INSERT INTO particle_location VALUES('TPB-67',143,483,20);
INSERT INTO particle_location VALUES('TPC-67',206,173,6);
INSERT INTO particle_location VALUES('TPA-68',236,325,19);
INSERT INTO particle_location VALUES('TPB-68',151,41,17);
INSERT INTO particle_location VALUES('TPC-68',374,356,23);
INSERT INTO particle_location VALUES('TPA-69',462,468,18);
INSERT INTO particle_location VALUES('TPB-69',407,207,0);
INSERT INTO particle_location VALUES('TPC-69',362,455,18);
INSERT INTO particle_location VALUES('TPA-70',227,354,23);
INSERT INTO particle_location VALUES('TPB-70',468,496,16);
INSERT INTO particle_location VALUES('TPC-70',55,146,15);
INSERT INTO particle_location VALUES('TPA-71',436,398,18);
INSERT INTO particle_location VALUES('TPB-71',347,272,22);
INSERT INTO particle_location VALUES('TPC-71',137,411,10);
INSERT INTO particle_location VALUES('TPA-72',436,133,11);
INSERT INTO particle_location VALUES('TPB-72',184,210,0);
INSERT INTO particle_location VALUES('TPC-72',84,216,15);
INSERT INTO particle_location VALUES('TPA-73',271,148,22);
INSERT INTO particle_location VALUES('TPB-73',250,243,20);
INSERT INTO particle_location VALUES('TPC-73',397,87,9);
INSERT INTO particle_location VALUES('TPA-74',338,430,8);
INSERT INTO particle_location VALUES('TPB-74',43,287,0);
INSERT INTO particle_location VALUES('TPC-74',155,172,3);
INSERT INTO particle_location VALUES('TPA-75',32,433,3);
INSERT INTO particle_location VALUES('TPB-75',460,242,2);
INSERT INTO particle_location VALUES('TPC-75',68,420,20);
INSERT INTO particle_location VALUES('TPA-76',375,295,20);
INSERT INTO particle_location VALUES('TPB-76',467,167,18);
INSERT INTO particle_location VALUES('TPC-76',409,349,24);
INSERT INTO particle_location VALUES('TPA-77',94,487,19);
INSERT INTO particle_location VALUES('TPB-77',281,90,24);
INSERT INTO particle_location VALUES('TPC-77',384,112,12);
INSERT INTO particle_location VALUES('TPA-78',458,54,14);
INSERT INTO particle_location VALUES('TPB-78',283,137,7);
INSERT INTO particle_location VALUES('TPC-78',103,390,4);
INSERT INTO particle_location VALUES('TPA-79',22,431,11);
INSERT INTO particle_location VALUES('TPB-79',477,22,21);
INSERT INTO particle_location VALUES('TPC-79',178,492,6);
INSERT INTO particle_location VALUES('TPA-80',200,241,23);
INSERT INTO particle_location VALUES('TPB-80',484,116,19);
INSERT INTO particle_location VALUES('TPC-80',239,179,11);
INSERT INTO particle_location VALUES('TPA-81',446,128,5);
INSERT INTO particle_location VALUES('TPB-81',361,357,19);
INSERT INTO particle_location VALUES('TPC-81',204,400,6);
INSERT INTO particle_location VALUES('TPA-82',134,289,18);
INSERT INTO particle_location VALUES('TPB-82',478,208,5);
INSERT INTO particle_location VALUES('TPC-82',2,451,0);
INSERT INTO particle_location VALUES('TPA-83',108,77,9);
INSERT INTO particle_location VALUES('TPB-83',112,424,20);
INSERT INTO particle_location VALUES('TPC-83',158,16,3);
INSERT INTO particle_location VALUES('TPA-84',156,441,1);
INSERT INTO particle_location VALUES('TPB-84',7,315,20);
INSERT INTO particle_location VALUES('TPC-84',54,77,2);
INSERT INTO particle_location VALUES('TPA-85',122,289,0);
INSERT INTO particle_location VALUES('TPB-85',55,61,1);
INSERT INTO particle_location VALUES('TPC-85',79,48,16);
INSERT INTO particle_location VALUES('TPA-86',96,52,13);
INSERT INTO particle_location VALUES('TPB-86',35,164,11);
INSERT INTO particle_location VALUES('TPC-86',410,209,1);
INSERT INTO particle_location VALUES('TPA-87',347,430,9);
INSERT INTO particle_location VALUES('TPB-87',239,263,18);
INSERT INTO particle_location VALUES('TPC-87',367,247,0);
INSERT INTO particle_location VALUES('TPA-88',27,475,22);
INSERT INTO particle_location VALUES('TPB-88',344,277,3);
INSERT INTO particle_location VALUES('TPC-88',379,315,2);
INSERT INTO particle_location VALUES('TPA-89',127,163,9);
INSERT INTO particle_location VALUES('TPB-89',253,407,22);
INSERT INTO particle_location VALUES('TPC-89',495,300,20);
INSERT INTO particle_location VALUES('TPA-90',367,363,6);
INSERT INTO particle_location VALUES('TPB-90',437,249,1);
INSERT INTO particle_location VALUES('TPC-90',371,238,9);
INSERT INTO particle_location VALUES('TPA-91',160,239,24);
INSERT INTO particle_location VALUES('TPB-91',93,351,2);
INSERT INTO particle_location VALUES('TPC-91',197,307,12);
INSERT INTO particle_location VALUES('TPA-92',261,89,2);
INSERT INTO particle_location VALUES('TPB-92',465,314,0);
INSERT INTO particle_location VALUES('TPC-92',280,286,9);
INSERT INTO particle_location VALUES('TPA-93',304,448,16);
INSERT INTO particle_location VALUES('TPB-93',216,126,1);
INSERT INTO particle_location VALUES('TPC-93',93,222,24);
INSERT INTO particle_location VALUES('TPA-94',197,117,16);
INSERT INTO particle_location VALUES('TPB-94',260,230,10);
INSERT INTO particle_location VALUES('TPC-94',333,363,8);
INSERT INTO particle_location VALUES('TPA-95',72,250,23);
INSERT INTO particle_location VALUES('TPB-95',290,324,12);
INSERT INTO particle_location VALUES('TPC-95',7,396,8);
INSERT INTO particle_location VALUES('TPA-96',272,324,8);
INSERT INTO particle_location VALUES('TPB-96',348,42,13);
INSERT INTO particle_location VALUES('TPC-96',154,463,2);
INSERT INTO particle_location VALUES('TPA-97',412,164,2);
INSERT INTO particle_location VALUES('TPB-97',296,300,2);
INSERT INTO particle_location VALUES('TPC-97',362,469,16);
INSERT INTO particle_location VALUES('TPA-98',496,141,8);
INSERT INTO particle_location VALUES('TPB-98',57,385,15);
INSERT INTO particle_location VALUES('TPC-98',459,183,22);
INSERT INTO particle_location VALUES('TPA-99',18,306,14);
INSERT INTO particle_location VALUES('TPB-99',471,331,23);
INSERT INTO particle_location VALUES('TPC-99',52,6,2);

SELECT 'Sensor Population Begins' AS MSG;

INSERT INTO sensors VALUES('SenA-0','Sensor_A','ONLINE');
INSERT INTO sensors VALUES('SenB-0','Sensor_B','ONLINE');
INSERT INTO sensors VALUES('SenC-0','Sensor_C','ONLINE');
INSERT INTO sensors VALUES('SenA-1','Sensor_A','ONLINE');
INSERT INTO sensors VALUES('SenB-1','Sensor_B','ONLINE');
INSERT INTO sensors VALUES('SenC-1','Sensor_C','ONLINE');
INSERT INTO sensors VALUES('SenA-2','Sensor_A','ONLINE');
INSERT INTO sensors VALUES('SenB-2','Sensor_B','ONLINE');
INSERT INTO sensors VALUES('SenC-2','Sensor_C','ONLINE');
INSERT INTO sensors VALUES('SenA-3','Sensor_A','ONLINE');
INSERT INTO sensors VALUES('SenB-3','Sensor_B','ONLINE');
INSERT INTO sensors VALUES('SenC-3','Sensor_C','ONLINE');
INSERT INTO sensors VALUES('SenA-4','Sensor_A','ONLINE');
INSERT INTO sensors VALUES('SenB-4','Sensor_B','ONLINE');
INSERT INTO sensors VALUES('SenC-4','Sensor_C','ONLINE');
INSERT INTO sensors VALUES('SenA-5','Sensor_A','ONLINE');
INSERT INTO sensors VALUES('SenB-5','Sensor_B','ONLINE');
INSERT INTO sensors VALUES('SenC-5','Sensor_C','ONLINE');
INSERT INTO sensors VALUES('SenA-6','Sensor_A','ONLINE');
INSERT INTO sensors VALUES('SenB-6','Sensor_B','ONLINE');
INSERT INTO sensors VALUES('SenC-6','Sensor_C','ONLINE');
INSERT INTO sensors VALUES('SenA-7','Sensor_A','ONLINE');
INSERT INTO sensors VALUES('SenB-7','Sensor_B','ONLINE');
INSERT INTO sensors VALUES('SenC-7','Sensor_C','ONLINE');
INSERT INTO sensors VALUES('SenA-8','Sensor_A','ONLINE');
INSERT INTO sensors VALUES('SenB-8','Sensor_B','ONLINE');
INSERT INTO sensors VALUES('SenC-8','Sensor_C','ONLINE');
INSERT INTO sensors VALUES('SenA-9','Sensor_A','ONLINE');
INSERT INTO sensors VALUES('SenB-9','Sensor_B','ONLINE');
INSERT INTO sensors VALUES('SenC-9','Sensor_C','ONLINE');
INSERT INTO sensors VALUES('SenA-10','Sensor_A','ONLINE');
INSERT INTO sensors VALUES('SenB-10','Sensor_B','ONLINE');
INSERT INTO sensors VALUES('SenC-10','Sensor_C','ONLINE');
INSERT INTO sensors VALUES('SenA-11','Sensor_A','ONLINE');
INSERT INTO sensors VALUES('SenB-11','Sensor_B','ONLINE');
INSERT INTO sensors VALUES('SenC-11','Sensor_C','ONLINE');
INSERT INTO sensors VALUES('SenA-12','Sensor_A','ONLINE');
INSERT INTO sensors VALUES('SenB-12','Sensor_B','ONLINE');
INSERT INTO sensors VALUES('SenC-12','Sensor_C','ONLINE');
INSERT INTO sensors VALUES('SenA-13','Sensor_A','ONLINE');
INSERT INTO sensors VALUES('SenB-13','Sensor_B','ONLINE');
INSERT INTO sensors VALUES('SenC-13','Sensor_C','ONLINE');
INSERT INTO sensors VALUES('SenA-14','Sensor_A','ONLINE');
INSERT INTO sensors VALUES('SenB-14','Sensor_B','ONLINE');
INSERT INTO sensors VALUES('SenC-14','Sensor_C','ONLINE');
INSERT INTO sensors VALUES('SenA-15','Sensor_A','ONLINE');
INSERT INTO sensors VALUES('SenB-15','Sensor_B','ONLINE');
INSERT INTO sensors VALUES('SenC-15','Sensor_C','ONLINE');
INSERT INTO sensors VALUES('SenA-16','Sensor_A','ONLINE');
INSERT INTO sensors VALUES('SenB-16','Sensor_B','ONLINE');
INSERT INTO sensors VALUES('SenC-16','Sensor_C','ONLINE');
INSERT INTO sensors VALUES('SenA-17','Sensor_A','ONLINE');
INSERT INTO sensors VALUES('SenB-17','Sensor_B','ONLINE');
INSERT INTO sensors VALUES('SenC-17','Sensor_C','ONLINE');
INSERT INTO sensors VALUES('SenA-18','Sensor_A','ONLINE');
INSERT INTO sensors VALUES('SenB-18','Sensor_B','ONLINE');
INSERT INTO sensors VALUES('SenC-18','Sensor_C','ONLINE');
INSERT INTO sensors VALUES('SenA-19','Sensor_A','ONLINE');
INSERT INTO sensors VALUES('SenB-19','Sensor_B','ONLINE');
INSERT INTO sensors VALUES('SenC-19','Sensor_C','ONLINE');
INSERT INTO sensors VALUES('SenA-20','Sensor_A','ONLINE');
INSERT INTO sensors VALUES('SenB-20','Sensor_B','ONLINE');
INSERT INTO sensors VALUES('SenC-20','Sensor_C','ONLINE');
INSERT INTO sensors VALUES('SenA-21','Sensor_A','ONLINE');
INSERT INTO sensors VALUES('SenB-21','Sensor_B','ONLINE');
INSERT INTO sensors VALUES('SenC-21','Sensor_C','ONLINE');
INSERT INTO sensors VALUES('SenA-22','Sensor_A','ONLINE');
INSERT INTO sensors VALUES('SenB-22','Sensor_B','ONLINE');
INSERT INTO sensors VALUES('SenC-22','Sensor_C','ONLINE');
INSERT INTO sensors VALUES('SenA-23','Sensor_A','ONLINE');
INSERT INTO sensors VALUES('SenB-23','Sensor_B','ONLINE');
INSERT INTO sensors VALUES('SenC-23','Sensor_C','ONLINE');
INSERT INTO sensors VALUES('SenA-24','Sensor_A','ONLINE');
INSERT INTO sensors VALUES('SenB-24','Sensor_B','ONLINE');
INSERT INTO sensors VALUES('SenC-24','Sensor_C','ONLINE');
INSERT INTO sensors VALUES('SenA-25','Sensor_A','ONLINE');
INSERT INTO sensors VALUES('SenB-25','Sensor_B','ONLINE');
INSERT INTO sensors VALUES('SenC-25','Sensor_C','ONLINE');
INSERT INTO sensors VALUES('SenA-26','Sensor_A','ONLINE');
INSERT INTO sensors VALUES('SenB-26','Sensor_B','ONLINE');
INSERT INTO sensors VALUES('SenC-26','Sensor_C','ONLINE');
INSERT INTO sensors VALUES('SenA-27','Sensor_A','ONLINE');
INSERT INTO sensors VALUES('SenB-27','Sensor_B','ONLINE');
INSERT INTO sensors VALUES('SenC-27','Sensor_C','ONLINE');
INSERT INTO sensors VALUES('SenA-28','Sensor_A','ONLINE');
INSERT INTO sensors VALUES('SenB-28','Sensor_B','ONLINE');
INSERT INTO sensors VALUES('SenC-28','Sensor_C','ONLINE');
INSERT INTO sensors VALUES('SenA-29','Sensor_A','ONLINE');
INSERT INTO sensors VALUES('SenB-29','Sensor_B','ONLINE');
INSERT INTO sensors VALUES('SenC-29','Sensor_C','ONLINE');
INSERT INTO sensors VALUES('SenA-30','Sensor_A','ONLINE');
INSERT INTO sensors VALUES('SenB-30','Sensor_B','ONLINE');
INSERT INTO sensors VALUES('SenC-30','Sensor_C','ONLINE');
INSERT INTO sensors VALUES('SenA-31','Sensor_A','ONLINE');
INSERT INTO sensors VALUES('SenB-31','Sensor_B','ONLINE');
INSERT INTO sensors VALUES('SenC-31','Sensor_C','ONLINE');
INSERT INTO sensors VALUES('SenA-32','Sensor_A','ONLINE');
INSERT INTO sensors VALUES('SenB-32','Sensor_B','ONLINE');
INSERT INTO sensors VALUES('SenC-32','Sensor_C','ONLINE');

SELECT 'Sensor Location Population Begins' AS MSG;

INSERT INTO sensor_location VALUES('SenA-0',286,58,12);
INSERT INTO sensor_location VALUES('SenB-0',227,495,1);
INSERT INTO sensor_location VALUES('SenC-0',483,189,7);
INSERT INTO sensor_location VALUES('SenA-1',97,217,10);
INSERT INTO sensor_location VALUES('SenB-1',179,387,5);
INSERT INTO sensor_location VALUES('SenC-1',377,275,0);
INSERT INTO sensor_location VALUES('SenA-2',170,102,8);
INSERT INTO sensor_location VALUES('SenB-2',275,135,5);
INSERT INTO sensor_location VALUES('SenC-2',36,219,20);
INSERT INTO sensor_location VALUES('SenA-3',136,152,22);
INSERT INTO sensor_location VALUES('SenB-3',50,202,20);
INSERT INTO sensor_location VALUES('SenC-3',396,88,12);
INSERT INTO sensor_location VALUES('SenA-4',168,262,24);
INSERT INTO sensor_location VALUES('SenB-4',41,375,9);
INSERT INTO sensor_location VALUES('SenC-4',447,280,13);
INSERT INTO sensor_location VALUES('SenA-5',392,464,13);
INSERT INTO sensor_location VALUES('SenB-5',444,203,9);
INSERT INTO sensor_location VALUES('SenC-5',10,352,8);
INSERT INTO sensor_location VALUES('SenA-6',368,180,21);
INSERT INTO sensor_location VALUES('SenB-6',305,126,8);
INSERT INTO sensor_location VALUES('SenC-6',132,83,10);
INSERT INTO sensor_location VALUES('SenA-7',44,214,16);
INSERT INTO sensor_location VALUES('SenB-7',441,325,16);
INSERT INTO sensor_location VALUES('SenC-7',334,177,21);
INSERT INTO sensor_location VALUES('SenA-8',160,422,5);
INSERT INTO sensor_location VALUES('SenB-8',48,243,4);
INSERT INTO sensor_location VALUES('SenC-8',137,121,9);
INSERT INTO sensor_location VALUES('SenA-9',151,7,3);
INSERT INTO sensor_location VALUES('SenB-9',421,202,11);
INSERT INTO sensor_location VALUES('SenC-9',373,90,16);
INSERT INTO sensor_location VALUES('SenA-10',184,255,4);
INSERT INTO sensor_location VALUES('SenB-10',338,295,18);
INSERT INTO sensor_location VALUES('SenC-10',497,282,1);
INSERT INTO sensor_location VALUES('SenA-11',55,294,12);
INSERT INTO sensor_location VALUES('SenB-11',86,66,7);
INSERT INTO sensor_location VALUES('SenC-11',104,76,5);
INSERT INTO sensor_location VALUES('SenA-12',134,322,24);
INSERT INTO sensor_location VALUES('SenB-12',323,58,13);
INSERT INTO sensor_location VALUES('SenC-12',71,246,5);
INSERT INTO sensor_location VALUES('SenA-13',258,500,20);
INSERT INTO sensor_location VALUES('SenB-13',76,158,20);
INSERT INTO sensor_location VALUES('SenC-13',8,498,10);
INSERT INTO sensor_location VALUES('SenA-14',55,418,4);
INSERT INTO sensor_location VALUES('SenB-14',217,224,17);
INSERT INTO sensor_location VALUES('SenC-14',180,180,18);
INSERT INTO sensor_location VALUES('SenA-15',52,15,20);
INSERT INTO sensor_location VALUES('SenB-15',362,283,14);
INSERT INTO sensor_location VALUES('SenC-15',279,475,24);
INSERT INTO sensor_location VALUES('SenA-16',199,214,14);
INSERT INTO sensor_location VALUES('SenB-16',499,387,5);
INSERT INTO sensor_location VALUES('SenC-16',437,74,14);
INSERT INTO sensor_location VALUES('SenA-17',323,336,18);
INSERT INTO sensor_location VALUES('SenB-17',37,341,2);
INSERT INTO sensor_location VALUES('SenC-17',163,130,8);
INSERT INTO sensor_location VALUES('SenA-18',208,73,1);
INSERT INTO sensor_location VALUES('SenB-18',2,334,5);
INSERT INTO sensor_location VALUES('SenC-18',74,97,10);
INSERT INTO sensor_location VALUES('SenA-19',52,56,24);
INSERT INTO sensor_location VALUES('SenB-19',104,264,19);
INSERT INTO sensor_location VALUES('SenC-19',378,483,17);
INSERT INTO sensor_location VALUES('SenA-20',56,365,17);
INSERT INTO sensor_location VALUES('SenB-20',373,290,18);
INSERT INTO sensor_location VALUES('SenC-20',448,51,18);
INSERT INTO sensor_location VALUES('SenA-21',376,427,7);
INSERT INTO sensor_location VALUES('SenB-21',330,37,11);
INSERT INTO sensor_location VALUES('SenC-21',179,339,17);
INSERT INTO sensor_location VALUES('SenA-22',48,110,15);
INSERT INTO sensor_location VALUES('SenB-22',406,21,23);
INSERT INTO sensor_location VALUES('SenC-22',265,107,1);
INSERT INTO sensor_location VALUES('SenA-23',202,129,22);
INSERT INTO sensor_location VALUES('SenB-23',58,195,14);
INSERT INTO sensor_location VALUES('SenC-23',312,431,0);
INSERT INTO sensor_location VALUES('SenA-24',218,314,10);
INSERT INTO sensor_location VALUES('SenB-24',188,176,17);
INSERT INTO sensor_location VALUES('SenC-24',452,426,7);
INSERT INTO sensor_location VALUES('SenA-25',238,499,12);
INSERT INTO sensor_location VALUES('SenB-25',79,129,17);
INSERT INTO sensor_location VALUES('SenC-25',317,40,4);
INSERT INTO sensor_location VALUES('SenA-26',262,78,2);
INSERT INTO sensor_location VALUES('SenB-26',457,225,22);
INSERT INTO sensor_location VALUES('SenC-26',190,242,8);
INSERT INTO sensor_location VALUES('SenA-27',125,124,10);
INSERT INTO sensor_location VALUES('SenB-27',315,96,18);
INSERT INTO sensor_location VALUES('SenC-27',327,98,8);
INSERT INTO sensor_location VALUES('SenA-28',61,181,6);
INSERT INTO sensor_location VALUES('SenB-28',154,430,24);
INSERT INTO sensor_location VALUES('SenC-28',215,345,10);
INSERT INTO sensor_location VALUES('SenA-29',3,327,7);
INSERT INTO sensor_location VALUES('SenB-29',17,482,20);
INSERT INTO sensor_location VALUES('SenC-29',336,475,20);
INSERT INTO sensor_location VALUES('SenA-30',314,447,22);
INSERT INTO sensor_location VALUES('SenB-30',85,145,14);
INSERT INTO sensor_location VALUES('SenC-30',256,314,12);
INSERT INTO sensor_location VALUES('SenA-31',272,178,17);
INSERT INTO sensor_location VALUES('SenB-31',456,246,24);
INSERT INTO sensor_location VALUES('SenC-31',320,370,23);
INSERT INTO sensor_location VALUES('SenA-32',83,432,19);
INSERT INTO sensor_location VALUES('SenB-32',63,213,23);
INSERT INTO sensor_location VALUES('SenC-32',296,258,17);

SELECT 'Fusion Node Population Begins' AS MSG;

INSERT INTO fusionNodes VALUES('DFA-1',125,125,12);
INSERT INTO fusionNodes VALUES('DFB-1',250,250,12);
INSERT INTO fusionNodes VALUES('DFC-1',375,375,12);

SELECT 'Analysis Node Population Begins' AS MSG;

INSERT INTO analysisNodes VALUES('DAA-1',100,125,6);
INSERT INTO analysisNodes VALUES('DAB-1',200,250,6);
INSERT INTO analysisNodes VALUES('DAC-1',300,375,6);

SELECT 'Scripts Ends' AS MSG;
